{"stats":{"minecraft:dropped":{"iceandfire:copper_sword":1,"simpletomb:grave_key":1,"creature_compendium:creature_compendium_book":1,"iceandfire:dragonegg_gray":3},"minecraft:killed_by":{"cataclysm:ignis":5,"realmrpg_demons:chort":1,"born_in_chaos_v1:decaying_zombie":1},"minecraft:mined":{"minecraft:lily_of_the_valley":1,"minecraft:grass":2,"minecraft:grass_block":1,"minecraft:dirt":2,"minecraft:tall_grass":1},"minecraft:custom":{"minecraft:time_since_rest":26380,"minecraft:sprint_one_cm":136227,"minecraft:damage_taken":2470,"minecraft:walk_one_cm":136144,"minecraft:mob_kills":19,"minecraft:drop":6,"minecraft:damage_dealt":9653,"minecraft:fly_one_cm":130163,"minecraft:crouch_one_cm":774,"minecraft:play_time":347078,"minecraft:deaths":11,"minecraft:sneak_time":321,"minecraft:walk_under_water_one_cm":90,"minecraft:jump":539,"minecraft:leave_game":4,"minecraft:time_since_death":26353,"minecraft:walk_on_water_one_cm":1753,"minecraft:total_world_time":347078,"minecraft:fall_one_cm":11136},"minecraft:used":{"minecraft:light":3,"born_in_chaos_v1:supreme_measure":47,"cataclysm:ignis_spawn_egg":3,"tmg:the_imp_spawn_egg":1,"minecraft:water_bucket":17,"plushie_buddies:plushie_emperor":1,"player_companions:small_slime_lime":1,"better_weaponry:stone_battleaxe":2,"stalwart_dungeons:nether_hammer":16,"stalwart_dungeons:propulk_spawn_egg":1,"minecraft:ender_pearl":1,"ftbquests:loot_crate_opener":1,"minecraft:structure_void":11,"cataclysm:altar_of_fire":7,"better_weaponry:iron_claymore":1,"simpletomb:grave_key":17,"celestisynth:crescentia":1,"minecraft:dirt":6,"plushie_buddies:plushie_yoga":1,"realmrpg_skeletons:lucky_skeleton":22,"iceandfire:copper_sword":14,"minecraft:red_bed":1,"better_weaponry:netherite_sai":2,"celestisynth:solaris":5,"iceandfire:dragonegg_blue":2,"iceandfire:podium_jungle":1,"better_weaponry:netherite_dagger":2,"iceandfire:dragonegg_sapphire":1,"plushie_buddies:plushie_dark_father":1,"better_weaponry:iron_broadsword":1},"minecraft:killed":{"born_in_chaos_v1:spiritof_chaos":1,"minecraft:pig":1,"goblins_tyranny:mini_goblin_3":1,"minecraft:chicken":3,"realmrpg_demons:chort":1,"cataclysm:ignis":1,"minecraft:spider":2,"minecraft:cow":3,"minecraft:sheep":4},"minecraft:picked_up":{"born_in_chaos_v1:river_mint":1,"minecraft:feather":4,"minecraft:wheat":1,"minecraft:chicken":3,"cataclysm:ignitium_ingot":19,"minecraft:porkchop":1,"simpletomb:grave_key":1,"iceandfire:dragonegg_gray":3,"minecraft:lily_of_the_valley":1,"minecraft:dirt":11,"creature_compendium:creature_compendium_book":1,"cataclysm:music_disc_ignis":2,"minecraft:rotten_flesh":2,"minecraft:diamond":6,"minecraft:wheat_seeds":8,"minecraft:smooth_stone":15,"minecraft:beef":5,"swem:alfalfa_seeds":4,"swem:oat_seeds":2,"minecraft:mutton":7,"minecraft:coal":2,"minecraft:white_wool":5,"minecraft:egg":1}},"DataVersion":3465}