{"stats":{"minecraft:custom":{"minecraft:interact_with_smithing_table":1,"minecraft:interact_with_anvil":5,"minecraft:mob_kills":22,"minecraft:leave_game":5,"minecraft:time_since_death":3222,"minecraft:sleep_in_bed":3,"minecraft:damage_resisted":430,"minecraft:time_since_rest":3250,"minecraft:waystone_activated":1,"minecraft:sprint_one_cm":171003,"minecraft:damage_absorbed":240,"minecraft:damage_taken":11473,"minecraft:walk_one_cm":204590,"minecraft:drop":9,"minecraft:damage_dealt":10814,"minecraft:fly_one_cm":956928,"minecraft:crouch_one_cm":1121,"minecraft:play_time":439162,"minecraft:deaths":22,"minecraft:sneak_time":2356,"minecraft:walk_under_water_one_cm":3255,"minecraft:jump":747,"minecraft:walk_on_water_one_cm":5004,"minecraft:total_world_time":439162,"minecraft:fall_one_cm":16536},"minecraft:used":{"minecraft:netherite_sword":12,"dummmmmmy:target_dummy":1,"minecraft:zombie_horse_spawn_egg":1,"creature_compendium:grasp_shroud_spawn_egg":1,"minecraft:water_bucket":17,"cataclysm:ignis_spawn_egg":6,"born_in_chaos_v1:senor_pumpkin_spawn_egg":1,"iceandfire:spawn_egg_ice_dragon":2,"player_companions:small_slime_lime":1,"kobolds:kobold_captain_spawn_egg":1,"minecraft:netherite_chestplate":2,"realmrpg_skeletons:waterdrop_skeleton":2,"stalwart_dungeons:propulk_spawn_egg":1,"minecraft:ender_pearl":1,"minecraft:structure_void":11,"simpletomb:grave_key":21,"mowziesmobs:naga_spawn_egg":1,"minecraft:golden_apple":3,"celestisynth:crescentia":1,"minecraft:anvil":2,"minecraft:dirt":6,"minecraft:netherite_leggings":3,"mowziesmobs:frostmaw_spawn_egg":1,"player_companions:firefly_default":3,"realmrpg_skeletons:lucky_skeleton":22,"creature_compendium:netherite_forge_spawn_egg":1,"mowziesmobs:wroughtnaut_spawn_egg":1,"iceandfire:copper_sword":14,"minecraft:red_bed":1,"minecraft:netherite_helmet":2,"born_in_chaos_v1:lord_pumpkinhead_spawn_egg":1,"illagerrevolutionmod:wild_ravager_spawn_egg":1,"celestisynth:solaris":5,"illagerrevolutionmod:mauler_spawn_egg":2,"iceandfire:dragonegg_blue":2,"artifacts:mimic_spawn_egg":5,"iceandfire:dragonegg_sapphire":1,"player_companions:firefly_spawn_egg":2,"waystones:waystone":1,"born_in_chaos_v1:supreme_measure":47,"waystones:red_sharestone":1,"tmg:the_imp_spawn_egg":1,"minecraft:light":3,"plushie_buddies:plushie_emperor":1,"creature_compendium:moleman_spawn_egg":1,"goblins_tyranny:mini_drunk_gob_2_spawn_egg":3,"minecraft:command_block":4,"waystones:sharestone":1,"stalwart_dungeons:nether_hammer":17,"illagerrevolutionmod:raker_spawn_egg":1,"ftbquests:loot_crate_opener":1,"cataclysm:altar_of_fire":7,"minecraft:netherite_boots":2,"minecraft:pink_bed":2,"cataclysm:mechanical_fusion_anvil":1,"tmg:the_elder_spawn_egg":1,"plushie_buddies:plushie_yoga":1,"iceandfire:spawn_egg_lightning_dragon":1,"illagerrevolutionmod:scrounger_spawn_egg":1,"iceandfire:podium_jungle":1,"minecraft:enchanted_golden_apple":1,"plushie_buddies:plushie_dark_father":1},"minecraft:killed_by":{"born_in_chaos_v1:decaying_zombie":1,"iceandfire:ice_dragon":5,"realmrpg_demons:chort":1,"minecraft:zombie":2,"born_in_chaos_v1:zombie_lumberjack":1,"cataclysm:ignis":5,"bosses_of_mass_destruction:void_blossom":1,"born_in_chaos_v1:missioner":1,"born_in_chaos_v1:door_knight":1},"minecraft:killed":{"born_in_chaos_v1:spiritof_chaos":1,"minecraft:pig":2,"minecraft:spider":2,"minecraft:sheep":4,"stalwart_dungeons:nether_wart_cocoon":2,"minecraft:chicken":3,"goblins_tyranny:mini_goblin_3":1,"realmrpg_demons:chort":1,"cataclysm:ignis":1,"minecraft:cow":3},"minecraft:mined":{"minecraft:lily_of_the_valley":1,"minecraft:grass_block":1,"minecraft:tall_grass":1,"minecraft:grass":2,"minecraft:dirt":2},"minecraft:picked_up":{"swem:timothy_seeds":2,"minecraft:wheat":1,"minecraft:feather":4,"minecraft:chicken":3,"born_in_chaos_v1:river_mint":1,"cataclysm:ignitium_ingot":19,"minecraft:leather":2,"illagerrevolutionmod:mauler_spawn_egg":64,"iceandfire:dragonegg_gray":3,"simpletomb:grave_key":1,"minecraft:dirt":11,"creature_compendium:creature_compendium_book":1,"cataclysm:music_disc_ignis":2,"minecraft:wheat_seeds":9,"minecraft:smooth_stone":15,"minecraft:beef":5,"swem:oat_seeds":3,"minecraft:egg":1,"regions_unexplored:corpse_flower":2,"minecraft:porkchop":1,"minecraft:lily_of_the_valley":3,"regions_unexplored:dusktrap":1,"regions_unexplored:purple_coneflower":1,"minecraft:rotten_flesh":2,"minecraft:diamond":6,"swem:alfalfa_seeds":7,"minecraft:coal":2,"minecraft:mutton":7,"minecraft:white_wool":5},"minecraft:dropped":{"simpletomb:grave_key":1,"player_companions:firefly_default":1,"illagerrevolutionmod:mauler_spawn_egg":128,"iceandfire:copper_sword":1,"creature_compendium:creature_compendium_book":1,"iceandfire:dragonegg_gray":3}},"DataVersion":3465}