{"stats":{"minecraft:custom":{"minecraft:jump":76,"minecraft:time_since_rest":29129,"minecraft:crouch_one_cm":32,"minecraft:sprint_one_cm":20609,"minecraft:play_time":29129,"minecraft:damage_taken":100,"minecraft:time_since_death":29129,"minecraft:walk_one_cm":11582,"minecraft:sneak_time":17,"minecraft:total_world_time":29129,"minecraft:fall_one_cm":1975,"minecraft:fly_one_cm":15071},"minecraft:used":{"iceandfire:podium_jungle":1,"player_companions:small_slime_lime":1,"realmrpg_skeletons:lucky_skeleton":12}},"DataVersion":3465}