{"stats":{"minecraft:mined":{"minecraft:grass_block":1,"minecraft:lily_of_the_valley":1,"minecraft:tall_grass":1,"minecraft:grass":2,"minecraft:dirt":2},"minecraft:killed":{"minecraft:spider":2,"born_in_chaos_v1:zombie_bruiser":1,"bewitched_brewery:gnome":2,"minecraft:chicken":3,"stalwart_dungeons:nether_wart_cocoon":2,"realmrpg_demons:chort":1,"bewitched_brewery:goblin_3":1,"born_in_chaos_v1:spiritof_chaos":1,"minecraft:pig":2,"minecraft:sheep":4,"minecraft:zombie":1,"goblins_tyranny:mini_goblin_3":1,"cataclysm:ignis":1,"minecraft:cow":3},"minecraft:broken":{"minecraft:netherite_helmet":2,"minecraft:netherite_chestplate":1,"minecraft:netherite_leggings":1,"minecraft:netherite_boots":1},"minecraft:dropped":{"simpletomb:grave_key":1,"minecraft:netherite_helmet":14,"player_companions:firefly_default":1,"bewitched_brewery:gnome_hair":1,"creature_compendium:creature_compendium_book":1,"iceandfire:dragonegg_gray":3,"illagerrevolutionmod:mauler_spawn_egg":128,"iceandfire:copper_sword":1},"minecraft:picked_up":{"minecraft:wheat":1,"minecraft:chicken":3,"born_in_chaos_v1:river_mint":1,"bewitched_brewery:gnome_hair":2,"minecraft:smooth_stone":15,"minecraft:beef":5,"minecraft:egg":1,"regions_unexplored:corpse_flower":3,"minecraft:porkchop":1,"regions_unexplored:purple_coneflower":1,"regions_unexplored:dusktrap":2,"minecraft:rotten_flesh":2,"regions_unexplored:felicia_daisy":1,"swem:alfalfa_seeds":7,"minecraft:mutton":7,"minecraft:white_wool":5,"iceandfire:sapphire_gem":1,"swem:timothy_seeds":2,"minecraft:feather":4,"cataclysm:ignitium_ingot":19,"minecraft:leather":2,"iceandfire:dragonegg_gray":3,"illagerrevolutionmod:mauler_spawn_egg":64,"simpletomb:grave_key":1,"minecraft:dirt":11,"creature_compendium:creature_compendium_book":1,"cataclysm:music_disc_ignis":2,"minecraft:wheat_seeds":9,"minecraft:raw_gold":1,"swem:oat_seeds":3,"regions_unexplored:dropleaf":1,"graveyard:white_bone_staff":1,"minecraft:lily_of_the_valley":3,"minecraft:diamond":6,"minecraft:emerald":1,"minecraft:coal":3,"iceandfire:silver_nugget":14},"minecraft:custom":{"minecraft:interact_with_smithing_table":1,"minecraft:interact_with_anvil":5,"minecraft:mob_kills":27,"minecraft:interact_with_crafting_table":1,"minecraft:time_since_death":434040,"minecraft:leave_game":10,"minecraft:damage_resisted":4516,"minecraft:sprint_one_cm":192717,"minecraft:walk_one_cm":277918,"minecraft:drop":24,"minecraft:play_time":907027,"minecraft:deaths":31,"minecraft:walk_under_water_one_cm":3255,"minecraft:sneak_time":2758,"minecraft:jump":954,"minecraft:interact_with_brewingstand":13,"minecraft:walk_on_water_one_cm":5004,"minecraft:total_world_time":907027,"minecraft:sleep_in_bed":3,"minecraft:time_since_rest":434067,"minecraft:waystone_activated":1,"minecraft:damage_absorbed":1321,"minecraft:damage_taken":18159,"minecraft:damage_dealt":60546,"minecraft:fly_one_cm":1103771,"minecraft:crouch_one_cm":1569,"minecraft:fall_one_cm":25044},"minecraft:used":{"creature_compendium:grasp_shroud_spawn_egg":2,"minecraft:netherite_sword":134,"born_in_chaos_v1:senor_pumpkin_spawn_egg":1,"player_companions:small_slime_lime":1,"iceandfire:spawn_egg_ice_dragon":2,"kobolds:kobold_captain_spawn_egg":1,"morebows:diamond_bow":10,"stalwart_dungeons:propulk_spawn_egg":1,"simpletomb:grave_key":27,"minecraft:brewing_stand":1,"minecraft:dirt":6,"minecraft:anvil":2,"iceandfire:copper_sword":14,"mowziesmobs:frostmaw_spawn_egg":1,"goblintraders:vein_goblin_trader_spawn_egg":2,"mowziesmobs:wroughtnaut_spawn_egg":1,"illagerrevolutionmod:illagerbeasttamer_spawn_egg":1,"illagerrevolutionmod:wild_ravager_spawn_egg":1,"iceandfire:dragonegg_blue":2,"artifacts:mimic_spawn_egg":5,"iceandfire:dragonegg_sapphire":1,"born_in_chaos_v1:supreme_measure":47,"tmg:the_imp_spawn_egg":1,"wardrobe:desert_boots":1,"goblins_tyranny:goblin_upgraded_mace":2,"wardrobe:desert_chestplate":1,"waystones:sharestone":1,"born_in_chaos_v1:sharpened_dark_metal_sword":29,"ftbquests:loot_crate_opener":1,"celestisynth:celestial_crafting_table":1,"minecraft:netherite_boots":3,"cataclysm:mechanical_fusion_anvil":1,"tmg:the_elder_spawn_egg":1,"plushie_buddies:plushie_yoga":1,"simple_weapons:fiery_greatsword":38,"minecraft:bow":23,"iceandfire:spawn_egg_lightning_dragon":1,"bewitched_brewery:gnome_spawn_egg":6,"graveyard:lich_spawn_egg":1,"goblins_tyranny:mug":6,"minecraft:enchanted_golden_apple":17,"plushie_buddies:plushie_dark_father":1,"goblins_tyranny:goblins_tyranny_guide":1,"dummmmmmy:target_dummy":1,"goblins_tyranny:mini_goblin_2_spawn_egg":1,"minecraft:zombie_horse_spawn_egg":1,"minecraft:water_bucket":17,"cataclysm:ignis_spawn_egg":6,"celestisynth:zephyr_deposit":2,"goblins_tyranny:mini_drunk_gob_1_spawn_egg":1,"minecraft:netherite_chestplate":3,"realmrpg_skeletons:waterdrop_skeleton":2,"minecraft:ender_pearl":1,"minecraft:structure_void":11,"mowziesmobs:naga_spawn_egg":1,"kobolds:kobold_warrior_spawn_egg":1,"bewitched_brewery:goblin_spawn_spawn_egg":1,"minecraft:golden_apple":10,"celestisynth:wintereis":2,"celestisynth:crescentia":1,"player_companions:firefly_default":3,"minecraft:netherite_leggings":4,"realmrpg_skeletons:lucky_skeleton":22,"creature_compendium:netherite_forge_spawn_egg":1,"graveyard:nameless_hanged_spawn_egg":1,"minecraft:red_bed":1,"goblins_tyranny:blazing_liquor_item":2,"wardrobe:desert_helmet":1,"celestisynth:solaris":5,"minecraft:netherite_helmet":2,"illagerrevolutionmod:mauler_spawn_egg":2,"born_in_chaos_v1:lord_pumpkinhead_spawn_egg":1,"player_companions:firefly_spawn_egg":2,"waystones:red_sharestone":1,"waystones:waystone":1,"goblins_tyranny:goblins_prototype_chestplate":1,"goblins_tyranny:droblin_item":3,"wardrobe:travel_backpack":2,"minecraft:light":3,"plushie_buddies:plushie_emperor":1,"creature_compendium:moleman_spawn_egg":2,"born_in_chaos_v1:scorched_planks_button":1,"goblins_tyranny:mini_drunk_gob_2_spawn_egg":7,"iceandfire:dragonbone_sword_fire":15,"minecraft:command_block":5,"goblins_tyranny:gold_cave_goblin_spawn_egg":2,"stalwart_dungeons:nether_hammer":17,"wardrobe:desert_leggings":1,"illagerrevolutionmod:raker_spawn_egg":2,"cataclysm:altar_of_fire":7,"minecraft:pink_bed":2,"illagerrevolutionmod:scrounger_spawn_egg":2,"goblins_tyranny:trapped_barrel":1,"goblintraders:goblin_trader_spawn_egg":5,"iceandfire:podium_jungle":1,"kobolds:kobold_enchanter_spawn_egg":2},"minecraft:killed_by":{"realmrpg_demons:chort":1,"born_in_chaos_v1:zombie_lumberjack":1,"bosses_of_mass_destruction:void_blossom":1,"born_in_chaos_v1:decaying_zombie":1,"iceandfire:ice_dragon":11,"minecraft:zombie":2,"cataclysm:ignis":5,"born_in_chaos_v1:missioner":1,"born_in_chaos_v1:door_knight":1}},"DataVersion":3465}