{"stats":{"minecraft:custom":{"minecraft:jump":54,"minecraft:time_since_rest":17129,"minecraft:crouch_one_cm":32,"minecraft:sprint_one_cm":13023,"minecraft:play_time":17129,"minecraft:damage_taken":100,"minecraft:time_since_death":17129,"minecraft:walk_one_cm":5709,"minecraft:sneak_time":17,"minecraft:total_world_time":17129,"minecraft:fall_one_cm":1975,"minecraft:fly_one_cm":10599},"minecraft:used":{"iceandfire:podium_jungle":1,"player_companions:small_slime_lime":1,"realmrpg_skeletons:lucky_skeleton":2}},"DataVersion":3465}