{
  "comforts:sleeping_bag_light_blue": {
    "criteria": {
      "has_the_recipe": "2024-08-23 20:41:59 +0000"
    },
    "done": true
  },
  "iceandfire:iceandfire/root": {
    "criteria": {
      "tick": "2024-08-23 20:41:59 +0000"
    },
    "done": true
  },
  "comforts:sleeping_bag_black": {
    "criteria": {
      "has_the_recipe": "2024-08-23 20:41:59 +0000"
    },
    "done": true
  },
  "comforts:hammock_purple": {
    "criteria": {
      "has_the_recipe": "2024-08-23 20:41:59 +0000"
    },
    "done": true
  },
  "comforts:hammock_lime": {
    "criteria": {
      "has_the_recipe": "2024-08-23 20:41:59 +0000"
    },
    "done": true
  },
  "comforts:sleeping_bag_pink": {
    "criteria": {
      "has_the_recipe": "2024-08-23 20:41:59 +0000"
    },
    "done": true
  },
  "comforts:hammock_magenta": {
    "criteria": {
      "has_the_recipe": "2024-08-23 20:41:59 +0000"
    },
    "done": true
  },
  "comforts:sleeping_bag_red": {
    "criteria": {
      "has_the_recipe": "2024-08-23 20:41:59 +0000"
    },
    "done": true
  },
  "comforts:sleeping_bag_orange": {
    "criteria": {
      "has_the_recipe": "2024-08-23 20:41:59 +0000"
    },
    "done": true
  },
  "comforts:hammock_red": {
    "criteria": {
      "has_the_recipe": "2024-08-23 20:41:59 +0000"
    },
    "done": true
  },
  "totw_modded:root": {
    "criteria": {
      "sample_trigger": "2024-08-23 20:41:59 +0000"
    },
    "done": true
  },
  "comforts:hammock_blue": {
    "criteria": {
      "has_the_recipe": "2024-08-23 20:41:59 +0000"
    },
    "done": true
  },
  "beautify:progression/root": {
    "criteria": {
      "Install": "2024-08-23 20:41:59 +0000"
    },
    "done": true
  },
  "comforts:hammock_white": {
    "criteria": {
      "has_the_recipe": "2024-08-23 20:41:59 +0000"
    },
    "done": true
  },
  "toms_storage:unlock_netherite": {
    "criteria": {
      "inv_changed-netherite": "2024-08-23 20:41:59 +0000"
    },
    "done": true
  },
  "mowziesmobs:root": {
    "criteria": {
      "custom_test_name": "2024-08-23 20:41:59 +0000"
    },
    "done": true
  },
  "comforts:hammock_light_gray": {
    "criteria": {
      "has_the_recipe": "2024-08-23 20:41:59 +0000"
    },
    "done": true
  },
  "comforts:sleeping_bag_white": {
    "criteria": {
      "has_the_recipe": "2024-08-23 20:41:59 +0000"
    },
    "done": true
  },
  "comforts:sleeping_bag_brown": {
    "criteria": {
      "has_the_recipe": "2024-08-23 20:41:59 +0000"
    },
    "done": true
  },
  "comforts:sleeping_bag_gray": {
    "criteria": {
      "has_the_recipe": "2024-08-23 20:41:59 +0000"
    },
    "done": true
  },
  "player_companions:grant_book_on_first_join": {
    "criteria": {
      "tick": "2024-08-23 20:41:59 +0000"
    },
    "done": true
  },
  "comforts:rope_and_nail": {
    "criteria": {
      "has_the_recipe": "2024-08-23 20:41:59 +0000"
    },
    "done": true
  },
  "lootr:root": {
    "criteria": {
      "always_true": "2024-08-23 20:41:59 +0000"
    },
    "done": true
  },
  "toms_storage:unlock_glowstone": {
    "criteria": {
      "inv_changed-glowstone": "2024-08-23 20:41:59 +0000"
    },
    "done": true
  },
  "comforts:sleeping_bag_cyan": {
    "criteria": {
      "has_the_recipe": "2024-08-23 20:41:59 +0000"
    },
    "done": true
  },
  "comforts:hammock_pink": {
    "criteria": {
      "has_the_recipe": "2024-08-23 20:41:59 +0000"
    },
    "done": true
  },
  "comforts:hammock_brown": {
    "criteria": {
      "has_the_recipe": "2024-08-23 20:41:59 +0000"
    },
    "done": true
  },
  "comforts:sleeping_bag_light_gray": {
    "criteria": {
      "has_the_recipe": "2024-08-23 20:41:59 +0000"
    },
    "done": true
  },
  "comforts:hammock_black": {
    "criteria": {
      "has_the_recipe": "2024-08-23 20:41:59 +0000"
    },
    "done": true
  },
  "comforts:sleeping_bag_lime": {
    "criteria": {
      "has_the_recipe": "2024-08-23 20:41:59 +0000"
    },
    "done": true
  },
  "realmrpg_quests:root": {
    "criteria": {
      "root_0": "2024-08-23 20:41:59 +0000"
    },
    "done": true
  },
  "comforts:hammock_yellow": {
    "criteria": {
      "has_the_recipe": "2024-08-23 20:41:59 +0000"
    },
    "done": true
  },
  "eeeabsmobs:eeeabsmobs/root": {
    "criteria": {
      "requirement": "2024-08-23 20:41:59 +0000"
    },
    "done": true
  },
  "darkspins:root": {
    "criteria": {
      "darkrpg_info_extras": "2024-08-23 20:41:59 +0000"
    },
    "done": true
  },
  "comforts:sleeping_bag_blue": {
    "criteria": {
      "has_the_recipe": "2024-08-23 20:41:59 +0000"
    },
    "done": true
  },
  "seadwellers:adv_root": {
    "criteria": {
      "adv_root": "2024-08-23 20:41:59 +0000"
    },
    "done": true
  },
  "born_in_chaos_v1:bornin_chaos": {
    "criteria": {
      "bornin_chaos_0": "2024-08-23 20:41:59 +0000"
    },
    "done": true
  },
  "toms_storage:unlock_chest": {
    "criteria": {
      "inv_changed-chest": "2024-08-23 20:41:59 +0000"
    },
    "done": true
  },
  "comforts:hammock_gray": {
    "criteria": {
      "has_the_recipe": "2024-08-23 20:41:59 +0000"
    },
    "done": true
  },
  "comforts:hammock_cyan": {
    "criteria": {
      "has_the_recipe": "2024-08-23 20:41:59 +0000"
    },
    "done": true
  },
  "comforts:sleeping_bag_purple": {
    "criteria": {
      "has_the_recipe": "2024-08-23 20:41:59 +0000"
    },
    "done": true
  },
  "cataclysm:root": {
    "criteria": {
      "custom_test_name": "2024-08-23 20:41:59 +0000"
    },
    "done": true
  },
  "comforts:sleeping_bag_yellow": {
    "criteria": {
      "has_the_recipe": "2024-08-23 20:41:59 +0000"
    },
    "done": true
  },
  "comforts:sleeping_bag_green": {
    "criteria": {
      "has_the_recipe": "2024-08-23 20:41:59 +0000"
    },
    "done": true
  },
  "comforts:hammock_light_blue": {
    "criteria": {
      "has_the_recipe": "2024-08-23 20:41:59 +0000"
    },
    "done": true
  },
  "toms_storage:unlock_dia_pearl": {
    "criteria": {
      "inv_changed-ender_pearl": "2024-08-23 20:41:59 +0000",
      "inv_changed-diamond": "2024-08-23 20:41:59 +0000"
    },
    "done": true
  },
  "comforts:hammock_orange": {
    "criteria": {
      "has_the_recipe": "2024-08-23 20:41:59 +0000"
    },
    "done": true
  },
  "comforts:sleeping_bag_magenta": {
    "criteria": {
      "has_the_recipe": "2024-08-23 20:41:59 +0000"
    },
    "done": true
  },
  "comforts:hammock_green": {
    "criteria": {
      "has_the_recipe": "2024-08-23 20:41:59 +0000"
    },
    "done": true
  },
  "minecraft:adventure/adventuring_time": {
    "criteria": {
      "minecraft:birch_forest": "2024-08-23 20:42:00 +0000",
      "minecraft:river": "2024-08-26 23:36:02 +0000",
      "minecraft:forest": "2024-08-23 22:37:11 +0000",
      "minecraft:lush_caves": "2024-08-26 23:40:07 +0000",
      "minecraft:old_growth_birch_forest": "2024-08-23 20:42:48 +0000",
      "minecraft:deep_dark": "2024-08-26 23:34:21 +0000",
      "minecraft:meadow": "2024-08-23 21:14:16 +0000",
      "minecraft:plains": "2024-08-23 22:37:31 +0000"
    },
    "done": false
  },
  "regions_unexplored:parent": {
    "criteria": {
      "load_in_world": "2024-08-23 20:42:00 +0000"
    },
    "done": true
  },
  "player_companions:taming/small_slime_lime": {
    "criteria": {
      "has_small_slime_lime": "2024-08-23 20:45:00 +0000"
    },
    "done": true
  },
  "minecraft:husbandry/tame_an_animal": {
    "criteria": {
      "tamed_animal": "2024-08-23 20:45:01 +0000"
    },
    "done": true
  },
  "regions_unexplored:pioneer": {
    "criteria": {
      "silver_birch_forest": "2024-08-26 23:40:53 +0000",
      "pine_taiga": "2024-08-26 22:42:41 +0000",
      "autumnal_maple_forest": "2024-08-23 23:23:47 +0000",
      "muddy_river": "2024-08-26 23:36:40 +0000",
      "blackwood_taiga": "2024-08-26 23:38:53 +0000",
      "rocky_meadow": "2024-08-26 23:40:49 +0000",
      "highland_fields": "2024-08-26 23:34:12 +0000",
      "maple_forest": "2024-08-23 22:37:13 +0000",
      "boreal_forest": "2024-08-26 23:36:11 +0000",
      "temperate_grove": "2024-08-23 22:37:12 +0000",
      "pine_slopes": "2024-08-26 23:34:14 +0000",
      "lupine_plains": "2024-08-26 23:35:52 +0000"
    },
    "done": false
  },
  "regions_unexplored:regions_explored": {
    "criteria": {
      "silver_birch_forest": "2024-08-26 23:40:53 +0000",
      "pine_taiga": "2024-08-26 22:42:41 +0000",
      "autumnal_maple_forest": "2024-08-23 23:23:47 +0000",
      "muddy_river": "2024-08-26 23:36:40 +0000",
      "prismachasm": "2024-08-26 23:39:09 +0000",
      "ancient_delta": "2024-08-26 23:41:01 +0000",
      "scorching_caves": "2024-08-26 23:34:18 +0000",
      "blackwood_taiga": "2024-08-26 23:38:53 +0000",
      "rocky_meadow": "2024-08-26 23:40:49 +0000",
      "highland_fields": "2024-08-26 23:34:12 +0000",
      "maple_forest": "2024-08-23 22:37:13 +0000",
      "boreal_forest": "2024-08-26 23:36:11 +0000",
      "temperate_grove": "2024-08-23 22:37:12 +0000",
      "pine_slopes": "2024-08-26 23:34:14 +0000",
      "lupine_plains": "2024-08-26 23:35:52 +0000"
    },
    "done": false
  },
  "goblins_tyranny:goblins_encounter_success": {
    "criteria": {
      "goblins_encounter_success_0": "2024-08-23 22:37:47 +0000"
    },
    "done": true
  },
  "minecraft:adventure/root": {
    "criteria": {
      "killed_something": "2024-08-23 22:38:27 +0000"
    },
    "done": true
  },
  "goblins_tyranny:goblins_slayer_success": {
    "criteria": {
      "goblins_slayer_success_0": "2024-08-23 22:38:27 +0000"
    },
    "done": true
  },
  "celestisynth:obtain_solaris": {
    "criteria": {
      "criteria": "2024-08-23 22:38:33 +0000"
    },
    "done": true
  },
  "iceandfire:iceandfire/dragon_egg": {
    "criteria": {
      "egg": "2024-08-23 22:39:55 +0000"
    },
    "done": true
  },
  "immersive_armors:recipes/misc/warrior": {
    "criteria": {
      "has_item": "2024-08-23 23:17:34 +0000"
    },
    "done": true
  },
  "cataclysm:kill_ignis": {
    "criteria": {
      "ignis": "2024-08-23 23:23:35 +0000"
    },
    "done": true
  },
  "celestisynth:obtain_crescentia": {
    "criteria": {
      "criteria": "2024-08-23 23:30:33 +0000"
    },
    "done": true
  },
  "minecraft:story/mine_diamond": {
    "criteria": {
      "diamond": "2024-08-24 01:52:33 +0000"
    },
    "done": true
  },
  "minecraft:adventure/kill_all_mobs": {
    "criteria": {
      "minecraft:spider": "2024-08-24 02:00:46 +0000",
      "minecraft:creeper": "2024-08-24 02:00:27 +0000"
    },
    "done": false
  },
  "minecraft:adventure/kill_a_mob": {
    "criteria": {
      "minecraft:creeper": "2024-08-24 02:00:27 +0000"
    },
    "done": true
  },
  "immersive_armors:recipes/misc/robe": {
    "criteria": {
      "has_item": "2024-08-24 02:11:58 +0000"
    },
    "done": true
  },
  "beautify:frames": {
    "criteria": {
      "requirement": "2024-08-24 02:11:58 +0000"
    },
    "done": true
  },
  "minecraft:recipes/decorations/crafting_table": {
    "criteria": {
      "unlock_right_away": "2024-08-26 22:42:38 +0000"
    },
    "done": true
  },
  "naturalist:recipes/food/cooked_egg": {
    "criteria": {
      "has_eggs": "2024-08-26 22:43:56 +0000"
    },
    "done": true
  },
  "iceandfire:iceandfire/dragonbone_flaming_sword": {
    "criteria": {
      "sword": "2024-08-26 22:55:20 +0000"
    },
    "done": true
  },
  "minecraft:recipes/decorations/chest": {
    "criteria": {
      "has_lots_of_items": "2024-08-26 22:58:30 +0000"
    },
    "done": true
  },
  "born_in_chaos_v1:squireofthe_dark_lord": {
    "criteria": {
      "squireofthe_dark_lord_2": "2024-08-26 22:58:30 +0000"
    },
    "done": false
  },
  "player_companions:crafting/tame_raw_mutton": {
    "criteria": {
      "has_tame_raw_mutton": "2024-08-26 23:17:47 +0000"
    },
    "done": true
  },
  "player_companions:taming/firefly_default": {
    "criteria": {
      "has_firefly_default": "2024-08-26 23:18:17 +0000"
    },
    "done": true
  },
  "player_companions:crafting/tame_cake": {
    "criteria": {
      "has_tame_cake": "2024-08-26 23:18:41 +0000"
    },
    "done": true
  },
  "player_companions:crafting/tame_seagrass": {
    "criteria": {
      "has_tame_seagrass": "2024-08-26 23:18:41 +0000"
    },
    "done": true
  },
  "player_companions:crafting/tame_sweet_berries": {
    "criteria": {
      "has_tame_sweet_berries": "2024-08-26 23:22:27 +0000"
    },
    "done": true
  },
  "mowziesmobs:steal_ice_crystal": {
    "criteria": {
      "steal_crystal": "2024-08-26 23:32:18 +0000"
    },
    "done": true
  },
  "cataclysm:find_ancient_factory": {
    "criteria": {
      "factory": "2024-08-26 23:34:17 +0000"
    },
    "done": true
  },
  "regions_unexplored:spelunker": {
    "criteria": {
      "prismachasm": "2024-08-26 23:39:09 +0000",
      "scorching_caves": "2024-08-26 23:34:18 +0000",
      "ancient_delta": "2024-08-26 23:41:01 +0000"
    },
    "done": false
  },
  "graveyard:graveyard/crypt": {
    "criteria": {
      "crypt": "2024-08-26 23:35:50 +0000"
    },
    "done": true
  },
  "minecraft:nether/netherite_armor": {
    "criteria": {
      "netherite_armor": "2024-08-26 23:41:42 +0000"
    },
    "done": true
  },
  "minecraft:adventure/sleep_in_bed": {
    "criteria": {
      "slept_in_bed": "2024-08-26 23:46:00 +0000"
    },
    "done": true
  },
  "minecraft:husbandry/root": {
    "criteria": {
      "consumed_item": "2024-08-26 23:47:04 +0000"
    },
    "done": true
  },
  "minecraft:husbandry/balanced_diet": {
    "criteria": {
      "golden_apple": "2024-08-26 23:56:30 +0000",
      "enchanted_golden_apple": "2024-08-26 23:47:04 +0000"
    },
    "done": false
  },
  "minecraft:recipes/misc/mojang_banner_pattern": {
    "criteria": {
      "has_enchanted_golden_apple": "2024-08-26 23:55:51 +0000"
    },
    "done": true
  },
  "DataVersion": 3465
}